Município;Dose;Total Doses Aplicadas
BORÁ;UNICA;10
NOVA CASTILHO;UNICA;20
URU;UNICA;26
UNIÃO PAULISTA;UNICA;24
TRABIJU;UNICA;35
FERNÃO;UNICA;30
PAULISTÂNIA;UNICA;38
DIRCE REIS;UNICA;18
FLORA RICA;UNICA;19
SANTA SALETE;UNICA;30
VITÓRIA BRASIL;UNICA;37
SÃO JOÃO DE IRACEMA;UNICA;35
SANTANA DA PONTE PENSA;UNICA;32
MESÓPOLIS;UNICA;36
ASPÁSIA;UNICA;15
SANTA CRUZ DA ESPERANÇA;UNICA;40
MARINÓPOLIS;UNICA;40
BOREBI;UNICA;50
ARCO-ÍRIS;UNICA;30
TURIÚBA;UNICA;39
GUARANI D'OESTE;UNICA;30
SAGRES;UNICA;46
LUCIANÓPOLIS;UNICA;44
TURMALINA;UNICA;23
ARAPEÍ;UNICA;54
EMBAÚBA;UNICA;60
NOVA CANAÃ PAULISTA;UNICA;25
DOLCINÓPOLIS;UNICA;54
RIBEIRÃO DOS ÍNDIOS;UNICA;44
NOVA GUATAPORANGA;UNICA;35
SÃO JOÃO DO PAU D'ALHO;UNICA;30
CRUZÁLIA;UNICA;32
BENTO DE ABREU;UNICA;67
MONÇÕES;UNICA;50
SANTA CLARA D'OESTE;UNICA;32
SÃO JOÃO DAS DUAS PONTES;UNICA;60
ÓLEO;UNICA;57
ZACARIAS;UNICA;69
TAQUARAL;UNICA;59
BREJO ALEGRE;UNICA;72
TORRE DE PEDRA;UNICA;50
NANTES;UNICA;58
PONTES GESTAL;UNICA;61
LOURDES;UNICA;47
PARISI;UNICA;45
ESTRELA DO NORTE;UNICA;48
CÁSSIA DOS COQUEIROS;UNICA;52
LUTÉCIA;UNICA;55
RUBIÁCEA;UNICA;47
JUMIRIM;UNICA;99
TIMBURI;UNICA;39
BOM SUCESSO DE ITARARÉ;UNICA;77
OSCAR BRESSANE;UNICA;45
ALVINLÂNDIA;UNICA;58
QUEIROZ;UNICA;85
SANTA MERCEDES;UNICA;53
MOMBUCA;UNICA;71
PEDRANÓPOLIS;UNICA;56
GABRIEL MONTEIRO;UNICA;62
RIBEIRA;UNICA;58
JERIQUARA;UNICA;71
PLATINA;UNICA;77
SANTO EXPEDITO;UNICA;60
SANTA RITA D'OESTE;UNICA;58
CÂNDIDO RODRIGUES;UNICA;56
NOVA LUZITÂNIA;UNICA;126
MARAPOAMA;UNICA;71
SÃO FRANCISCO;UNICA;43
ELISIÁRIO;UNICA;100
ALTAIR;UNICA;115
FLORÍNEA;UNICA;26
PEDRINHAS PAULISTA;UNICA;55
ITAOCA;UNICA;34
EMILIANÓPOLIS;UNICA;70
MIRA ESTRELA;UNICA;51
QUADRA;UNICA;114
MAGDA;UNICA;65
AREIAS;UNICA;60
SARUTAIÁ;UNICA;66
SANDOVALINA;UNICA;79
SUZANÁPOLIS;UNICA;65
ITAPIRAPUÃ PAULISTA;UNICA;85
FLOREAL;UNICA;50
MARIÁPOLIS;UNICA;109
RUBINÉIA;UNICA;60
ITAJU;UNICA;97
PRACINHA;UNICA;10
BARÃO DE ANTONINA;UNICA;45
GASTÃO VIDIGAL;UNICA;151
SEBASTIANÓPOLIS DO SUL;UNICA;82
CORUMBATAÍ;UNICA;88
PONGAÍ;UNICA;81
PIQUEROBI;UNICA;53
RIFAINA;UNICA;89
SÃO JOSÉ DO BARREIRO;UNICA;65
JOÃO RAMALHO;UNICA;120
CAIABU;UNICA;58
CANAS;UNICA;120
MOTUCA;UNICA;122
CABRÁLIA PAULISTA;UNICA;102
INÚBIA PAULISTA;UNICA;90
ESPÍRITO SANTO DO TURVO;UNICA;104
SANTÓPOLIS DO AGUAPEÍ;UNICA;162
TEJUPÁ;UNICA;90
PONTALINDA;UNICA;107
ANHUMAS;UNICA;83
NOVAIS;UNICA;140
PRESIDENTE ALVES;UNICA;102
IPORANGA;UNICA;31
REDENÇÃO DA SERRA;UNICA;86
NOVA INDEPENDÊNCIA;UNICA;88
LUPÉRCIO;UNICA;107
GLICÉRIO;UNICA;120
BURITIZAL;UNICA;97
TAQUARIVAÍ;UNICA;124
MACEDÔNIA;UNICA;80
RIBEIRÃO CORRENTE;UNICA;132
MERIDIANO;UNICA;90
JÚLIO MESQUITA;UNICA;91
ONDA VERDE;UNICA;103
UBIRAJARA;UNICA;104
ITAPURA;UNICA;75
PARANAPUÃ;UNICA;91
PRATÂNIA;UNICA;128
MONTE CASTELO;UNICA;88
ALTO ALEGRE;UNICA;100
CAMPOS NOVOS PAULISTA;UNICA;111
BORACÉIA;UNICA;103
MONTEIRO LOBATO;UNICA;89
CANITAR;UNICA;141
INDIAPORÃ;UNICA;83
MURUTINGA DO SUL;UNICA;91
NIPOÃ;UNICA;155
ÁLVARES FLORENCE;UNICA;80
OCAUÇU;UNICA;102
GAVIÃO PEIXOTO;UNICA;127
PLANALTO;UNICA;130
ANALÂNDIA;UNICA;120
NARANDIBA;UNICA;124
LUIZIÂNIA;UNICA;33
ÁGUAS DE SÃO PEDRO;UNICA;58
BARRA DO CHAPÉU;UNICA;115
GUZOLÂNDIA;UNICA;115
SANTA MARIA DA SERRA;UNICA;173
RIBEIRÃO DO SUL;UNICA;80
ADOLFO;UNICA;79
MIRASSOLÂNDIA;UNICA;120
MARABÁ PAULISTA;UNICA;59
SANTA ERNESTINA;UNICA;164
CORONEL MACEDO;UNICA;102
POPULINA;UNICA;83
SALMOURÃO;UNICA;123
ALFREDO MARCONDES;UNICA;83
GUAIMBÊ;UNICA;130
UBARANA;UNICA;161
AVAÍ;UNICA;41
SANTA CRUZ DA CONCEIÇÃO;UNICA;111
APARECIDA D'OESTE;UNICA;78
ÁLVARO DE CARVALHO;UNICA;107
LAVRINHAS;UNICA;183
SABINO;UNICA;129
INDIANA;UNICA;112
ARAMINA;UNICA;134
IPEÚNA;UNICA;179
BRAÚNA;UNICA;139
IPIGUÁ;UNICA;120
ALAMBARI;UNICA;171
COROADOS;UNICA;142
GUARANTÃ;UNICA;182
TACIBA;UNICA;156
JAMBEIRO;UNICA;185
PIACATU;UNICA;134
RIVERSUL;UNICA;115
ITIRAPUÃ;UNICA;162
LAGOINHA;UNICA;88
ANHEMBI;UNICA;139
CAMPINA DO MONTE ALEGRE;UNICA;127
BALBINOS;UNICA;52
ORINDIÚVA;UNICA;195
SILVEIRAS;UNICA;163
PARAÍSO;UNICA;164
TAIÚVA;UNICA;141
ECHAPORÃ;UNICA;126
COLÔMBIA;UNICA;160
TAIAÇU;UNICA;150
AMÉRICO DE CAMPOS;UNICA;125
BARBOSA;UNICA;115
PARDINHO;UNICA;154
ARANDU;UNICA;150
CAIUÁ;UNICA;62
SANTO ANTÔNIO DO PINHAL;UNICA;148
RESTINGA;UNICA;168
ÁGUAS DE SANTA BÁRBARA;UNICA;136
FERNANDO PRESTES;UNICA;124
PEDRA BELA;UNICA;165
TARABAI;UNICA;203
MENDONÇA;UNICA;120
SANTO ANTÔNIO DO JARDIM;UNICA;193
ORIENTE;UNICA;167
TUIUTI;UNICA;138
SÃO JOSÉ DA BELA VISTA;UNICA;228
JABORANDI;UNICA;162
QUINTANA;UNICA;149
IACRI;UNICA;144
GUATAPARÁ;UNICA;210
SANTA ALBERTINA;UNICA;125
SALES;UNICA;146
SANTA LÚCIA;UNICA;237
POLONI;UNICA;151
TRÊS FRONTEIRAS;UNICA;134
IBIRAREMA;UNICA;159
NUPORANGA;UNICA;171
VISTA ALEGRE DO ALTO;UNICA;254
PAULICÉIA;UNICA;205
NOVA ALIANÇA;UNICA;165
SÃO PEDRO DO TURVO;UNICA;160
CLEMENTINA;UNICA;265
NATIVIDADE DA SERRA;UNICA;146
LINDÓIA;UNICA;218
IRAPUÃ;UNICA;209
GÁLIA;UNICA;134
JACI;UNICA;175
RIBEIRÃO GRANDE;UNICA;171
BARRA DO TURVO;UNICA;47
DOBRADA;UNICA;296
SANTO ANTÔNIO DA ALEGRIA;UNICA;156
EUCLIDES DA CUNHA PAULISTA;UNICA;175
TAPIRAÍ;UNICA;151
SANTO ANTÔNIO DO ARACANGUÁ;UNICA;235
OURO VERDE;UNICA;170
PEREIRAS;UNICA;220
NOVA CAMPINA;UNICA;227
CATIGUÁ;UNICA;188
ITOBI;UNICA;204
SUD MENNUCCI;UNICA;196
ICÉM;UNICA;220
MACAUBAL;UNICA;206
CRISTAIS PAULISTA;UNICA;215
IARAS;UNICA;175
RAFARD;UNICA;246
SALTINHO;UNICA;242
AREIÓPOLIS;UNICA;311
MONTE ALEGRE DO SUL;UNICA;190
BILAC;UNICA;199
HERCULÂNDIA;UNICA;226
IEPÊ;UNICA;184
SALTO GRANDE;UNICA;214
PAULO DE FARIA;UNICA;186
DUMONT;UNICA;288
ÁGUAS DA PRATA;UNICA;194
IRAPURU;UNICA;79
TERRA ROXA;UNICA;245
GUARAÇAÍ;UNICA;194
ARIRANHA;UNICA;258
COSMORAMA;UNICA;175
PALMARES PAULISTA;UNICA;452
RINCÃO;UNICA;292
AREALVA;UNICA;194
ESTRELA D'OESTE;UNICA;206
GUARACI;UNICA;317
IGARATÁ;UNICA;215
VARGEM;UNICA;263
DOURADO;UNICA;200
REGINÓPOLIS;UNICA;55
ESTIVA GERBI;UNICA;313
SARAPUÍ;UNICA;261
MANDURI;UNICA;246
CAJOBI;UNICA;272
RINÓPOLIS;UNICA;263
BÁLSAMO;UNICA;200
NOVA EUROPA;UNICA;299
URÂNIA;UNICA;227
RIOLÂNDIA;UNICA;262
PORANGABA;UNICA;225
ROSEIRA;UNICA;245
TORRINHA;UNICA;251
QUELUZ;UNICA;242
GUAIÇARA;UNICA;319
UCHOA;UNICA;231
CEDRAL;UNICA;213
OUROESTE;UNICA;259
PALMEIRA D'OESTE;UNICA;191
PEDRO DE TOLEDO;UNICA;181
NEVES PAULISTA;UNICA;228
BOFETE;UNICA;292
BANANAL;UNICA;262
SETE BARRAS;UNICA;257
SÃO SEBASTIÃO DA GRAMA;UNICA;290
SALES OLIVEIRA;UNICA;287
VERA CRUZ;UNICA;176
SÃO LUIZ DO PARAITINGA;UNICA;240
AVANHANDAVA;UNICA;225
MINEIROS DO TIETÊ;UNICA;310
IACANGA;UNICA;361
GETULINA;UNICA;255
PIRANGI;UNICA;270
SÃO BENTO DO SAPUCAÍ;UNICA;239
PARAPUÃ;UNICA;235
BOCAINA;UNICA;313
CARDOSO;UNICA;267
LAVÍNIA;UNICA;117
TAGUAÍ;UNICA;341
GENERAL SALGADO;UNICA;236
ILHA COMPRIDA;UNICA;195
NHANDEARA;UNICA;203
PALESTINA;UNICA;347
LUÍS ANTÔNIO;UNICA;437
CHAVANTES;UNICA;331
RIBEIRÃO BONITO;UNICA;320
BERNARDINO DE CAMPOS;UNICA;204
CANANÉIA;UNICA;246
TAPIRATIBA;UNICA;283
IBIRÁ;UNICA;341
ITAPUÍ;UNICA;356
ITARIRI;UNICA;400
TABAPUÃ;UNICA;269
MORUNGABA;UNICA;352
QUATÁ;UNICA;340
BOA ESPERANÇA DO SUL;UNICA;417
VALENTIM GENTIL;UNICA;405
SANTA BRANCA;UNICA;349
SERRA AZUL;UNICA;145
IPAUSSU;UNICA;367
TARUMÃ;UNICA;416
JOANÓPOLIS;UNICA;391
PIQUETE;UNICA;335
SÃO LOURENÇO DA SERRA;UNICA;329
DIVINOLÂNDIA;UNICA;227
PANORAMA;UNICA;274
PACAEMBU;UNICA;291
FLÓRIDA PAULISTA;UNICA;279
MARACAÍ;UNICA;283
IPUÃ;UNICA;443
PATROCÍNIO PAULISTA;UNICA;326
SÃO SIMÃO;UNICA;355
ITAPORANGA;UNICA;313
ITIRAPINA;UNICA;406
RIBEIRÃO BRANCO;UNICA;377
DUARTINA;UNICA;291
SEVERÍNIA;UNICA;512
ALUMÍNIO;UNICA;508
ELDORADO;UNICA;149
JACUPIRANGA;UNICA;380
SANTA ADÉLIA;UNICA;421
TABATINGA;UNICA;521
PIRAPORA DO BOM JESUS;UNICA;419
URUPÊS;UNICA;351
AURIFLAMA;UNICA;351
CHARQUEADA;UNICA;336
ELIAS FAUSTO;UNICA;540
FARTURA;UNICA;258
PIRATININGA;UNICA;340
PINHALZINHO;UNICA;401
HOLAMBRA;UNICA;415
ITATINGA;UNICA;528
PRESIDENTE BERNARDES;UNICA;235
GUAREÍ;UNICA;431
PEDREGULHO;UNICA;384
PINDORAMA;UNICA;428
MACATUBA;UNICA;438
GUAPIARA;UNICA;355
BORBOREMA;UNICA;401
SALESÓPOLIS;UNICA;459
ENGENHEIRO COELHO;UNICA;632
PRADÓPOLIS;UNICA;683
CAFELÂNDIA;UNICA;407
ITAJOBI;UNICA;363
CESÁRIO LANGE;UNICA;500
CONCHAS;UNICA;376
BURI;UNICA;473
ROSANA;UNICA;372
POTIRENDABA;UNICA;480
JUQUIÁ;UNICA;357
COLINA;UNICA;466
ALTINÓPOLIS;UNICA;384
VIRADOURO;UNICA;460
MIRANTE DO PARANAPANEMA;UNICA;363
CACONDE;UNICA;419
GUARÁ;UNICA;508
ITABERÁ;UNICA;318
ARAÇARIGUAMA;UNICA;589
PARAIBUNA;UNICA;425
PARANAPANEMA;UNICA;521
BURITAMA;UNICA;440
NAZARÉ PAULISTA;UNICA;457
MONTE AZUL PAULISTA;UNICA;338
MIRACATU;UNICA;403
CAPELA DO ALTO;UNICA;554
BADY BASSITT;UNICA;400
CERQUEIRA CÉSAR;UNICA;401
TUPI PAULISTA;UNICA;325
PARIQUERA-AÇU;UNICA;379
CASTILHO;UNICA;547
NOVA GRANADA;UNICA;557
GUAPIAÇU;UNICA;93
MIGUELÓPOLIS;UNICA;631
POTIM;UNICA;497
PIRAJUÍ;UNICA;275
ÁGUAS DE LINDÓIA;UNICA;413
SANTO ANTÔNIO DE POSSE;UNICA;646
REGENTE FEIJÓ;UNICA;482
TEODORO SAMPAIO;UNICA;568
BOM JESUS DOS PERDÕES;UNICA;712
SANTA GERTRUDES;UNICA;628
SANTO ANASTÁCIO;UNICA;507
LUCÉLIA;UNICA;584
IRACEMÁPOLIS;UNICA;696
IGARAÇU DO TIETÊ;UNICA;693
JUNQUEIRÓPOLIS;UNICA;409
CUNHA;UNICA;487
POMPÉIA;UNICA;528
CAJURU;UNICA;579
BASTOS;UNICA;476
TAMBAÚ;UNICA;574
ANGATUBA;UNICA;478
APIAÍ;UNICA;513
PALMITAL;UNICA;474
CORDEIRÓPOLIS;UNICA;666
ÁLVARES MACHADO;UNICA;600
BARRINHA;UNICA;892
BROTAS;UNICA;611
SANTA ROSA DE VITERBO;UNICA;666
PIRAPOZINHO;UNICA;563
VALPARAÍSO;UNICA;609
TAQUARITUBA;UNICA;494
BRODOWSKI;UNICA;652
DOIS CÓRREGOS;UNICA;683
CONCHAL;UNICA;724
CAJATI;UNICA;608
MONTE APRAZÍVEL;UNICA;676
ITAÍ;UNICA;689
PEREIRA BARRETO;UNICA;576
JUQUITIBA;UNICA;496
MARTINÓPOLIS;UNICA;549
IPERÓ;UNICA;982
MORRO AGUDO;UNICA;903
BIRITIBA MIRIM;UNICA;857
PIRACAIA;UNICA;696
TANABI;UNICA;625
IGARAPAVA;UNICA;762
JARINU;UNICA;875
LARANJAL PAULISTA;UNICA;621
PILAR DO SUL;UNICA;679
SANTA CRUZ DAS PALMEIRAS;UNICA;984
RIO DAS PEDRAS;UNICA;900
CACHOEIRA PAULISTA;UNICA;705
IBATÉ;UNICA;1020
ILHA SOLTEIRA;UNICA;501
SÃO MIGUEL ARCANJO;UNICA;836
IGUAPE;UNICA;593
RIO GRANDE DA SERRA;UNICA;660
RANCHARIA;UNICA;703
MIRANDÓPOLIS;UNICA;525
SANTA RITA DO PASSA QUATRO;UNICA;552
PITANGUEIRAS;UNICA;947
GUARAREMA;UNICA;849
CASA BRANCA;UNICA;758
ILHABELA;UNICA;860
CRAVINHOS;UNICA;886
SERRA NEGRA;UNICA;637
PIRAJU;UNICA;561
AGUAÍ;UNICA;1028
CÂNDIDO MOTA;UNICA;644
GUARARAPES;UNICA;825
AMÉRICO BRASILIENSE;UNICA;1020
GUARIBA;UNICA;1135
ARAÇOIABA DA SERRA;UNICA;644
APARECIDA;UNICA;921
BARIRI;UNICA;829
OSVALDO CRUZ;UNICA;721
SÃO PEDRO;UNICA;764
PONTAL;UNICA;1605
DESCALVADO;UNICA;872
ORLÂNDIA;UNICA;857
JOSÉ BONIFÁCIO;UNICA;1010
PROMISSÃO;UNICA;803
GUAÍRA;UNICA;1027
SÃO MANUEL;UNICA;982
AGUDOS;UNICA;872
BARRA BONITA;UNICA;980
SANTA FÉ DO SUL;UNICA;686
JARDINÓPOLIS;UNICA;1174
PEDERNEIRAS;UNICA;1152
LOUVEIRA;UNICA;1625
TIETÊ;UNICA;1123
ITUVERAVA;UNICA;1068
NOVO HORIZONTE;UNICA;1043
VARGEM GRANDE PAULISTA;UNICA;1172
PRESIDENTE VENCESLAU;UNICA;941
PRESIDENTE EPITÁCIO;UNICA;904
SALTO DE PIRAPORA;UNICA;1115
ADAMANTINA;UNICA;878
TREMEMBÉ;UNICA;1212
CAPÃO BONITO;UNICA;1033
CABREÚVA;UNICA;1163
ITÁPOLIS;UNICA;1041
GARÇA;UNICA;991
ESPÍRITO SANTO DO PINHAL;UNICA;1001
VARGEM GRANDE DO SUL;UNICA;1018
SOCORRO;UNICA;983
PARAGUAÇU PAULISTA;UNICA;1036
PEDREIRA;UNICA;1298
MAIRINQUE;UNICA;1188
CAMPOS DO JORDÃO;UNICA;1282
ITARARÉ;UNICA;1115
CERQUILHO;UNICA;1338
ARTUR NOGUEIRA;UNICA;1507
CAPIVARI;UNICA;1467
SÃO JOAQUIM DA BARRA;UNICA;1439
SANTA ISABEL;UNICA;1085
SANTA CRUZ DO RIO PARDO;UNICA;980
PORTO FELIZ;UNICA;1319
ITUPEVA;UNICA;1911
DRACENA;UNICA;851
MONTE ALTO;UNICA;1152
COSMÓPOLIS;UNICA;1258
NOVA ODESSA;UNICA;1777
BOITUVA;UNICA;1705
EMBU-GUAÇU;UNICA;1227
JAGUARIÚNA;UNICA;1615
PORTO FERREIRA;UNICA;1390
PIEDADE;UNICA;1531
MONTE MOR;UNICA;1842
MONGAGUÁ;UNICA;1178
REGISTRO;UNICA;1062
SÃO JOSÉ DO RIO PARDO;UNICA;1249
TAQUARITINGA;UNICA;1300
OLÍMPIA;UNICA;1383
BERTIOGA;UNICA;1812
IBITINGA;UNICA;1543
ANDRADINA;UNICA;1315
JALES;UNICA;947
BATATAIS;UNICA;1056
IBIÚNA;UNICA;1883
MIRASSOL;UNICA;1678
PERUÍBE;UNICA;1247
LENÇÓIS PAULISTA;UNICA;1864
PENÁPOLIS;UNICA;1322
CAJAMAR;UNICA;2328
VINHEDO;UNICA;1826
JABOTICABAL;UNICA;1739
CAMPO LIMPO PAULISTA;UNICA;2254
SÃO ROQUE;UNICA;1710
TUPÃ;UNICA;1340
ARUJÁ;UNICA;2306
CRUZEIRO;UNICA;1737
MOCOCA;UNICA;1662
AMPARO;UNICA;1761
PIRASSUNUNGA;UNICA;1710
BEBEDOURO;UNICA;1633
SÃO SEBASTIÃO;UNICA;2334
LINS;UNICA;1743
FERNANDÓPOLIS;UNICA;1471
UBATUBA;UNICA;2116
ITAPIRA;UNICA;1795
LORENA;UNICA;1744
MAIRIPORÃ;UNICA;2396
MATÃO;UNICA;2014
CAIEIRAS;UNICA;2800
JANDIRA;UNICA;1544
CAÇAPAVA;UNICA;2407
ITAPEVA;UNICA;2041
PAULÍNIA;UNICA;2746
AVARÉ;UNICA;2120
VÁRZEA PAULISTA;UNICA;3427
MOGI MIRIM;UNICA;2412
LEME;UNICA;2690
POÁ;UNICA;2928
VOTORANTIM;UNICA;3161
SÃO JOÃO DA BOA VISTA;UNICA;2115
CUBATÃO;UNICA;3244
VOTUPORANGA;UNICA;2313
ASSIS;UNICA;2141
BIRIGUI;UNICA;2823
ITANHAÉM;UNICA;2110
CARAGUATATUBA;UNICA;2723
SALTO;UNICA;3096
OURINHOS;UNICA;2015
RIBEIRÃO PIRES;UNICA;3270
SERTÃOZINHO;UNICA;3484
ITATIBA;UNICA;3346
TATUÍ;UNICA;3092
ITAPECERICA DA SERRA;UNICA;1246
GUARATINGUETÁ;UNICA;3082
SANTANA DE PARNAÍBA;UNICA;3746
VALINHOS;UNICA;3337
BARRETOS;UNICA;2653
FERRAZ DE VASCONCELOS;UNICA;5248
CATANDUVA;UNICA;2861
ATIBAIA;UNICA;3421
FRANCO DA ROCHA;UNICA;2682
FRANCISCO MORATO;UNICA;4485
MOGI GUAÇU;UNICA;3771
ARARAS;UNICA;3813
JAÚ;UNICA;3642
ITAPETININGA;UNICA;2395
PINDAMONHANGABA;UNICA;4417
ITAPEVI;UNICA;6607
ITU;UNICA;5161
SANTA BÁRBARA D'OESTE;UNICA;5371
BRAGANÇA PAULISTA;UNICA;4648
SÃO CAETANO DO SUL;UNICA;3241
HORTOLÂNDIA;UNICA;5467
COTIA;UNICA;5820
ARAÇATUBA;UNICA;4811
RIO CLARO;UNICA;5058
EMBU DAS ARTES;UNICA;7099
JACAREÍ;UNICA;5490
SUMARÉ;UNICA;7601
TABOÃO DA SERRA;UNICA;7179
PRESIDENTE PRUDENTE;UNICA;5010
SUZANO;UNICA;7538
BARUERI;UNICA;6078
AMERICANA;UNICA;6208
ITAQUAQUECETUBA;UNICA;9021
ARARAQUARA;UNICA;5902
SÃO CARLOS;UNICA;6756
MARÍLIA;UNICA;4280
INDAIATUBA;UNICA;6865
TAUBATÉ;UNICA;2942
GUARUJÁ;UNICA;7976
LIMEIRA;UNICA;8372
PRAIA GRANDE;UNICA;7415
FRANCA;UNICA;8445
SÃO VICENTE;UNICA;7574
CARAPICUÍBA;UNICA;10639
DIADEMA;UNICA;10565
MAUÁ;UNICA;12308
PIRACICABA;UNICA;10543
MOGI DAS CRUZES;UNICA;9949
BAURU;UNICA;8093
JUNDIAÍ;UNICA;11140
SOROCABA;UNICA;10412
SÃO JOSÉ DO RIO PRETO;UNICA;11551
SANTOS;UNICA;7920
SANTO ANDRÉ;UNICA;15231
RIBEIRÃO PRETO;UNICA;16142
OSASCO;UNICA;17603
SÃO JOSÉ DOS CAMPOS;UNICA;14890
SÃO BERNARDO DO CAMPO;UNICA;20267
GUARULHOS;UNICA;34267
CAMPINAS;UNICA;24623
SÃO PAULO;UNICA;315766
BORÁ;2° DOSE;267
NOVA CASTILHO;2° DOSE;332
URU;2° DOSE;446
UNIÃO PAULISTA;2° DOSE;380
TRABIJU;2° DOSE;425
FERNÃO;2° DOSE;426
PAULISTÂNIA;2° DOSE;492
DIRCE REIS;2° DOSE;542
FLORA RICA;2° DOSE;608
SANTA SALETE;2° DOSE;563
VITÓRIA BRASIL;2° DOSE;498
SÃO JOÃO DE IRACEMA;2° DOSE;508
SANTANA DA PONTE PENSA;2° DOSE;635
MESÓPOLIS;2° DOSE;498
ASPÁSIA;2° DOSE;561
SANTA CRUZ DA ESPERANÇA;2° DOSE;639
MARINÓPOLIS;2° DOSE;598
BOREBI;2° DOSE;495
ARCO-ÍRIS;2° DOSE;667
TURIÚBA;2° DOSE;659
GUARANI D'OESTE;2° DOSE;688
SAGRES;2° DOSE;553
LUCIANÓPOLIS;2° DOSE;653
TURMALINA;2° DOSE;730
ARAPEÍ;2° DOSE;609
EMBAÚBA;2° DOSE;651
NOVA CANAÃ PAULISTA;2° DOSE;737
DOLCINÓPOLIS;2° DOSE;618
RIBEIRÃO DOS ÍNDIOS;2° DOSE;673
NOVA GUATAPORANGA;2° DOSE;711
SÃO JOÃO DO PAU D'ALHO;2° DOSE;658
CRUZÁLIA;2° DOSE;724
BENTO DE ABREU;2° DOSE;584
MONÇÕES;2° DOSE;694
SANTA CLARA D'OESTE;2° DOSE;711
SÃO JOÃO DAS DUAS PONTES;2° DOSE;655
ÓLEO;2° DOSE;672
ZACARIAS;2° DOSE;684
TAQUARAL;2° DOSE;616
BREJO ALEGRE;2° DOSE;698
TORRE DE PEDRA;2° DOSE;731
NANTES;2° DOSE;615
PONTES GESTAL;2° DOSE;714
LOURDES;2° DOSE;893
PARISI;2° DOSE;815
ESTRELA DO NORTE;2° DOSE;684
CÁSSIA DOS COQUEIROS;2° DOSE;711
LUTÉCIA;2° DOSE;783
RUBIÁCEA;2° DOSE;630
JUMIRIM;2° DOSE;597
TIMBURI;2° DOSE;789
BOM SUCESSO DE ITARARÉ;2° DOSE;612
OSCAR BRESSANE;2° DOSE;811
ALVINLÂNDIA;2° DOSE;740
QUEIROZ;2° DOSE;669
SANTA MERCEDES;2° DOSE;655
MOMBUCA;2° DOSE;606
PEDRANÓPOLIS;2° DOSE;775
GABRIEL MONTEIRO;2° DOSE;763
RIBEIRA;2° DOSE;743
JERIQUARA;2° DOSE;759
PLATINA;2° DOSE;762
SANTO EXPEDITO;2° DOSE;773
SANTA RITA D'OESTE;2° DOSE;961
CÂNDIDO RODRIGUES;2° DOSE;874
NOVA LUZITÂNIA;2° DOSE;784
MARAPOAMA;2° DOSE;890
SÃO FRANCISCO;2° DOSE;973
ELISIÁRIO;2° DOSE;821
ALTAIR;2° DOSE;802
FLORÍNEA;2° DOSE;1010
PEDRINHAS PAULISTA;2° DOSE;939
ITAOCA;2° DOSE;812
EMILIANÓPOLIS;2° DOSE;921
MIRA ESTRELA;2° DOSE;1022
QUADRA;2° DOSE;877
MAGDA;2° DOSE;945
AREIAS;2° DOSE;808
SARUTAIÁ;2° DOSE;895
SANDOVALINA;2° DOSE;854
SUZANÁPOLIS;2° DOSE;846
ITAPIRAPUÃ PAULISTA;2° DOSE;745
FLOREAL;2° DOSE;1006
MARIÁPOLIS;2° DOSE;752
RUBINÉIA;2° DOSE;905
ITAJU;2° DOSE;850
PRACINHA;2° DOSE;595
BARÃO DE ANTONINA;2° DOSE;958
GASTÃO VIDIGAL;2° DOSE;915
SEBASTIANÓPOLIS DO SUL;2° DOSE;988
CORUMBATAÍ;2° DOSE;926
PONGAÍ;2° DOSE;1014
PIQUEROBI;2° DOSE;995
RIFAINA;2° DOSE;919
SÃO JOSÉ DO BARREIRO;2° DOSE;855
JOÃO RAMALHO;2° DOSE;939
CAIABU;2° DOSE;994
CANAS;2° DOSE;896
MOTUCA;2° DOSE;834
CABRÁLIA PAULISTA;2° DOSE;933
INÚBIA PAULISTA;2° DOSE;1014
ESPÍRITO SANTO DO TURVO;2° DOSE;836
SANTÓPOLIS DO AGUAPEÍ;2° DOSE;961
TEJUPÁ;2° DOSE;1012
PONTALINDA;2° DOSE;947
ANHUMAS;2° DOSE;1031
NOVAIS;2° DOSE;717
PRESIDENTE ALVES;2° DOSE;943
IPORANGA;2° DOSE;1104
REDENÇÃO DA SERRA;2° DOSE;1074
NOVA INDEPENDÊNCIA;2° DOSE;1000
LUPÉRCIO;2° DOSE;918
GLICÉRIO;2° DOSE;944
BURITIZAL;2° DOSE;989
TAQUARIVAÍ;2° DOSE;882
MACEDÔNIA;2° DOSE;1110
RIBEIRÃO CORRENTE;2° DOSE;958
MERIDIANO;2° DOSE;1115
JÚLIO MESQUITA;2° DOSE;978
ONDA VERDE;2° DOSE;1034
UBIRAJARA;2° DOSE;913
ITAPURA;2° DOSE;1031
PARANAPUÃ;2° DOSE;1123
PRATÂNIA;2° DOSE;930
MONTE CASTELO;2° DOSE;1065
ALTO ALEGRE;2° DOSE;1177
CAMPOS NOVOS PAULISTA;2° DOSE;1034
BORACÉIA;2° DOSE;1022
MONTEIRO LOBATO;2° DOSE;1203
CANITAR;2° DOSE;946
INDIAPORÃ;2° DOSE;1223
MURUTINGA DO SUL;2° DOSE;1230
NIPOÃ;2° DOSE;896
ÁLVARES FLORENCE;2° DOSE;1318
OCAUÇU;2° DOSE;1140
GAVIÃO PEIXOTO;2° DOSE;1003
PLANALTO;2° DOSE;1079
ANALÂNDIA;2° DOSE;1097
NARANDIBA;2° DOSE;1039
LUIZIÂNIA;2° DOSE;1064
ÁGUAS DE SÃO PEDRO;2° DOSE;1441
BARRA DO CHAPÉU;2° DOSE;1058
GUZOLÂNDIA;2° DOSE;1118
SANTA MARIA DA SERRA;2° DOSE;977
RIBEIRÃO DO SUL;2° DOSE;1249
ADOLFO;2° DOSE;1339
MIRASSOLÂNDIA;2° DOSE;1193
MARABÁ PAULISTA;2° DOSE;979
SANTA ERNESTINA;2° DOSE;1115
CORONEL MACEDO;2° DOSE;1341
POPULINA;2° DOSE;1440
SALMOURÃO;2° DOSE;1189
ALFREDO MARCONDES;2° DOSE;1418
GUAIMBÊ;2° DOSE;1135
UBARANA;2° DOSE;1051
AVAÍ;2° DOSE;1333
SANTA CRUZ DA CONCEIÇÃO;2° DOSE;1509
APARECIDA D'OESTE;2° DOSE;1448
ÁLVARO DE CARVALHO;2° DOSE;1150
LAVRINHAS;2° DOSE;950
SABINO;2° DOSE;1414
INDIANA;2° DOSE;1544
ARAMINA;2° DOSE;1293
IPEÚNA;2° DOSE;1054
BRAÚNA;2° DOSE;1502
IPIGUÁ;2° DOSE;1255
ALAMBARI;2° DOSE;1251
COROADOS;2° DOSE;1280
GUARANTÃ;2° DOSE;1231
TACIBA;2° DOSE;1401
JAMBEIRO;2° DOSE;1264
PIACATU;2° DOSE;1388
RIVERSUL;2° DOSE;1453
ITIRAPUÃ;2° DOSE;1409
LAGOINHA;2° DOSE;1573
ANHEMBI;2° DOSE;1355
CAMPINA DO MONTE ALEGRE;2° DOSE;1408
BALBINOS;2° DOSE;846
ORINDIÚVA;2° DOSE;1260
SILVEIRAS;2° DOSE;1431
PARAÍSO;2° DOSE;1517
TAIÚVA;2° DOSE;1611
ECHAPORÃ;2° DOSE;1436
COLÔMBIA;2° DOSE;1281
TAIAÇU;2° DOSE;1647
AMÉRICO DE CAMPOS;2° DOSE;1607
BARBOSA;2° DOSE;1373
PARDINHO;2° DOSE;1481
ARANDU;2° DOSE;1449
CAIUÁ;2° DOSE;1497
SANTO ANTÔNIO DO PINHAL;2° DOSE;1346
RESTINGA;2° DOSE;1325
ÁGUAS DE SANTA BÁRBARA;2° DOSE;1604
FERNANDO PRESTES;2° DOSE;1637
PEDRA BELA;2° DOSE;1504
TARABAI;2° DOSE;1501
MENDONÇA;2° DOSE;1419
SANTO ANTÔNIO DO JARDIM;2° DOSE;1621
ORIENTE;2° DOSE;1474
TUIUTI;2° DOSE;1528
SÃO JOSÉ DA BELA VISTA;2° DOSE;1522
JABORANDI;2° DOSE;1657
QUINTANA;2° DOSE;1649
IACRI;2° DOSE;1622
GUATAPARÁ;2° DOSE;1321
SANTA ALBERTINA;2° DOSE;1645
SALES;2° DOSE;1751
SANTA LÚCIA;2° DOSE;1409
POLONI;2° DOSE;1779
TRÊS FRONTEIRAS;2° DOSE;1715
IBIRAREMA;2° DOSE;1572
NUPORANGA;2° DOSE;1493
VISTA ALEGRE DO ALTO;2° DOSE;1313
PAULICÉIA;2° DOSE;1482
NOVA ALIANÇA;2° DOSE;1636
SÃO PEDRO DO TURVO;2° DOSE;1646
CLEMENTINA;2° DOSE;1606
NATIVIDADE DA SERRA;2° DOSE;1583
LINDÓIA;2° DOSE;1773
IRAPUÃ;2° DOSE;1812
GÁLIA;2° DOSE;1843
JACI;2° DOSE;1711
RIBEIRÃO GRANDE;2° DOSE;1447
BARRA DO TURVO;2° DOSE;1905
DOBRADA;2° DOSE;1433
SANTO ANTÔNIO DA ALEGRIA;2° DOSE;1898
EUCLIDES DA CUNHA PAULISTA;2° DOSE;1580
TAPIRAÍ;2° DOSE;1809
SANTO ANTÔNIO DO ARACANGUÁ;2° DOSE;1666
OURO VERDE;2° DOSE;1597
PEREIRAS;2° DOSE;1818
NOVA CAMPINA;2° DOSE;1468
CATIGUÁ;2° DOSE;1639
ITOBI;2° DOSE;1557
SUD MENNUCCI;2° DOSE;1916
ICÉM;2° DOSE;1942
MACAUBAL;2° DOSE;1799
CRISTAIS PAULISTA;2° DOSE;1796
IARAS;2° DOSE;1462
RAFARD;2° DOSE;1615
SALTINHO;2° DOSE;2139
AREIÓPOLIS;2° DOSE;1644
MONTE ALEGRE DO SUL;2° DOSE;2070
BILAC;2° DOSE;2143
HERCULÂNDIA;2° DOSE;1816
IEPÊ;2° DOSE;2081
SALTO GRANDE;2° DOSE;1852
PAULO DE FARIA;2° DOSE;2310
DUMONT;2° DOSE;1523
ÁGUAS DA PRATA;2° DOSE;2112
IRAPURU;2° DOSE;2006
TERRA ROXA;2° DOSE;2322
GUARAÇAÍ;2° DOSE;2402
ARIRANHA;2° DOSE;2209
COSMORAMA;2° DOSE;2444
PALMARES PAULISTA;2° DOSE;1640
RINCÃO;2° DOSE;2141
AREALVA;2° DOSE;2291
ESTRELA D'OESTE;2° DOSE;2144
GUARACI;2° DOSE;1987
IGARATÁ;2° DOSE;2090
VARGEM;2° DOSE;1969
DOURADO;2° DOSE;2370
REGINÓPOLIS;2° DOSE;1835
ESTIVA GERBI;2° DOSE;1934
SARAPUÍ;2° DOSE;2037
MANDURI;2° DOSE;2222
CAJOBI;2° DOSE;2197
RINÓPOLIS;2° DOSE;2269
BÁLSAMO;2° DOSE;2557
NOVA EUROPA;2° DOSE;2063
URÂNIA;2° DOSE;2511
RIOLÂNDIA;2° DOSE;1876
PORANGABA;2° DOSE;2598
ROSEIRA;2° DOSE;2179
TORRINHA;2° DOSE;2581
QUELUZ;2° DOSE;1956
GUAIÇARA;2° DOSE;2159
UCHOA;2° DOSE;2671
CEDRAL;2° DOSE;2560
OUROESTE;2° DOSE;2387
PALMEIRA D'OESTE;2° DOSE;2809
PEDRO DE TOLEDO;2° DOSE;2860
NEVES PAULISTA;2° DOSE;2744
BOFETE;2° DOSE;2590
BANANAL;2° DOSE;2667
SETE BARRAS;2° DOSE;2472
SÃO SEBASTIÃO DA GRAMA;2° DOSE;2628
SALES OLIVEIRA;2° DOSE;2605
VERA CRUZ;2° DOSE;2856
SÃO LUIZ DO PARAITINGA;2° DOSE;2384
AVANHANDAVA;2° DOSE;2168
MINEIROS DO TIETÊ;2° DOSE;2561
IACANGA;2° DOSE;2566
GETULINA;2° DOSE;2282
PIRANGI;2° DOSE;2866
SÃO BENTO DO SAPUCAÍ;2° DOSE;2934
PARAPUÃ;2° DOSE;2854
BOCAINA;2° DOSE;2594
CARDOSO;2° DOSE;2602
LAVÍNIA;2° DOSE;2057
TAGUAÍ;2° DOSE;2495
GENERAL SALGADO;2° DOSE;2888
ILHA COMPRIDA;2° DOSE;2613
NHANDEARA;2° DOSE;3275
PALESTINA;2° DOSE;2691
LUÍS ANTÔNIO;2° DOSE;2054
CHAVANTES;2° DOSE;2714
RIBEIRÃO BONITO;2° DOSE;2933
BERNARDINO DE CAMPOS;2° DOSE;3161
CANANÉIA;2° DOSE;2736
TAPIRATIBA;2° DOSE;3009
IBIRÁ;2° DOSE;3131
ITAPUÍ;2° DOSE;2720
ITARIRI;2° DOSE;2790
TABAPUÃ;2° DOSE;3179
MORUNGABA;2° DOSE;2877
QUATÁ;2° DOSE;2953
BOA ESPERANÇA DO SUL;2° DOSE;2764
VALENTIM GENTIL;2° DOSE;2694
SANTA BRANCA;2° DOSE;3069
SERRA AZUL;2° DOSE;2245
IPAUSSU;2° DOSE;2814
TARUMÃ;2° DOSE;2763
JOANÓPOLIS;2° DOSE;3110
PIQUETE;2° DOSE;3283
SÃO LOURENÇO DA SERRA;2° DOSE;3128
DIVINOLÂNDIA;2° DOSE;3568
PANORAMA;2° DOSE;2971
PACAEMBU;2° DOSE;3782
FLÓRIDA PAULISTA;2° DOSE;2726
MARACAÍ;2° DOSE;2974
IPUÃ;2° DOSE;2871
PATROCÍNIO PAULISTA;2° DOSE;3354
SÃO SIMÃO;2° DOSE;3101
ITAPORANGA;2° DOSE;3329
ITIRAPINA;2° DOSE;3182
RIBEIRÃO BRANCO;2° DOSE;3043
DUARTINA;2° DOSE;3556
SEVERÍNIA;2° DOSE;3047
ALUMÍNIO;2° DOSE;2743
ELDORADO;2° DOSE;4141
JACUPIRANGA;2° DOSE;2981
SANTA ADÉLIA;2° DOSE;3649
TABATINGA;2° DOSE;3213
PIRAPORA DO BOM JESUS;2° DOSE;2623
URUPÊS;2° DOSE;3666
AURIFLAMA;2° DOSE;3640
CHARQUEADA;2° DOSE;3044
ELIAS FAUSTO;2° DOSE;3198
FARTURA;2° DOSE;3491
PIRATININGA;2° DOSE;3669
PINHALZINHO;2° DOSE;3717
HOLAMBRA;2° DOSE;3558
ITATINGA;2° DOSE;3457
PRESIDENTE BERNARDES;2° DOSE;4249
GUAREÍ;2° DOSE;3062
PEDREGULHO;2° DOSE;3495
PINDORAMA;2° DOSE;4004
MACATUBA;2° DOSE;3656
GUAPIARA;2° DOSE;3310
BORBOREMA;2° DOSE;4016
SALESÓPOLIS;2° DOSE;3880
ENGENHEIRO COELHO;2° DOSE;3134
PRADÓPOLIS;2° DOSE;3447
CAFELÂNDIA;2° DOSE;3884
ITAJOBI;2° DOSE;4248
CESÁRIO LANGE;2° DOSE;3344
CONCHAS;2° DOSE;4144
BURI;2° DOSE;3555
ROSANA;2° DOSE;4349
POTIRENDABA;2° DOSE;3770
JUQUIÁ;2° DOSE;3596
COLINA;2° DOSE;3893
ALTINÓPOLIS;2° DOSE;4189
VIRADOURO;2° DOSE;4052
MIRANTE DO PARANAPANEMA;2° DOSE;3888
CACONDE;2° DOSE;3875
GUARÁ;2° DOSE;4170
ITABERÁ;2° DOSE;4062
ARAÇARIGUAMA;2° DOSE;2886
PARAIBUNA;2° DOSE;4046
PARANAPANEMA;2° DOSE;3566
BURITAMA;2° DOSE;4422
NAZARÉ PAULISTA;2° DOSE;4479
MONTE AZUL PAULISTA;2° DOSE;4372
MIRACATU;2° DOSE;4687
CAPELA DO ALTO;2° DOSE;3840
BADY BASSITT;2° DOSE;4707
CERQUEIRA CÉSAR;2° DOSE;4643
TUPI PAULISTA;2° DOSE;4664
PARIQUERA-AÇU;2° DOSE;4700
CASTILHO;2° DOSE;4322
NOVA GRANADA;2° DOSE;4788
GUAPIAÇU;2° DOSE;4351
MIGUELÓPOLIS;2° DOSE;4398
POTIM;2° DOSE;3051
PIRAJUÍ;2° DOSE;4799
ÁGUAS DE LINDÓIA;2° DOSE;5227
SANTO ANTÔNIO DE POSSE;2° DOSE;4396
REGENTE FEIJÓ;2° DOSE;4778
TEODORO SAMPAIO;2° DOSE;4044
BOM JESUS DOS PERDÕES;2° DOSE;3911
SANTA GERTRUDES;2° DOSE;3620
SANTO ANASTÁCIO;2° DOSE;4914
LUCÉLIA;2° DOSE;4738
IRACEMÁPOLIS;2° DOSE;3918
IGARAÇU DO TIETÊ;2° DOSE;4267
JUNQUEIRÓPOLIS;2° DOSE;5199
CUNHA;2° DOSE;5057
POMPÉIA;2° DOSE;5008
CAJURU;2° DOSE;4687
BASTOS;2° DOSE;5217
TAMBAÚ;2° DOSE;5184
ANGATUBA;2° DOSE;5057
APIAÍ;2° DOSE;4962
PALMITAL;2° DOSE;5182
CORDEIRÓPOLIS;2° DOSE;4827
ÁLVARES MACHADO;2° DOSE;4810
BARRINHA;2° DOSE;3750
BROTAS;2° DOSE;5196
SANTA ROSA DE VITERBO;2° DOSE;5197
PIRAPOZINHO;2° DOSE;4811
VALPARAÍSO;2° DOSE;4531
TAQUARITUBA;2° DOSE;5599
BRODOWSKI;2° DOSE;5332
DOIS CÓRREGOS;2° DOSE;5546
CONCHAL;2° DOSE;5211
CAJATI;2° DOSE;5115
MONTE APRAZÍVEL;2° DOSE;5947
ITAÍ;2° DOSE;5209
PEREIRA BARRETO;2° DOSE;5787
JUQUITIBA;2° DOSE;5586
MARTINÓPOLIS;2° DOSE;6322
IPERÓ;2° DOSE;4806
MORRO AGUDO;2° DOSE;5898
BIRITIBA MIRIM;2° DOSE;5851
PIRACAIA;2° DOSE;5963
TANABI;2° DOSE;6812
IGARAPAVA;2° DOSE;6486
JARINU;2° DOSE;5754
LARANJAL PAULISTA;2° DOSE;6141
PILAR DO SUL;2° DOSE;6228
SANTA CRUZ DAS PALMEIRAS;2° DOSE;5439
RIO DAS PEDRAS;2° DOSE;4913
CACHOEIRA PAULISTA;2° DOSE;6197
IBATÉ;2° DOSE;5381
ILHA SOLTEIRA;2° DOSE;7460
SÃO MIGUEL ARCANJO;2° DOSE;5580
IGUAPE;2° DOSE;7358
RIO GRANDE DA SERRA;2° DOSE;4479
RANCHARIA;2° DOSE;7019
MIRANDÓPOLIS;2° DOSE;7090
SANTA RITA DO PASSA QUATRO;2° DOSE;7252
PITANGUEIRAS;2° DOSE;5228
GUARAREMA;2° DOSE;6608
CASA BRANCA;2° DOSE;6494
ILHABELA;2° DOSE;7288
CRAVINHOS;2° DOSE;6170
SERRA NEGRA;2° DOSE;7926
PIRAJU;2° DOSE;7377
AGUAÍ;2° DOSE;6721
CÂNDIDO MOTA;2° DOSE;7055
GUARARAPES;2° DOSE;6809
AMÉRICO BRASILIENSE;2° DOSE;6763
GUARIBA;2° DOSE;5961
ARAÇOIABA DA SERRA;2° DOSE;6925
APARECIDA;2° DOSE;7210
BARIRI;2° DOSE;7817
OSVALDO CRUZ;2° DOSE;8904
SÃO PEDRO;2° DOSE;8475
PONTAL;2° DOSE;6245
DESCALVADO;2° DOSE;8814
ORLÂNDIA;2° DOSE;8268
JOSÉ BONIFÁCIO;2° DOSE;7945
PROMISSÃO;2° DOSE;8152
GUAÍRA;2° DOSE;7438
SÃO MANUEL;2° DOSE;8770
AGUDOS;2° DOSE;8830
BARRA BONITA;2° DOSE;9125
SANTA FÉ DO SUL;2° DOSE;10005
JARDINÓPOLIS;2° DOSE;7743
PEDERNEIRAS;2° DOSE;8358
LOUVEIRA;2° DOSE;7123
TIETÊ;2° DOSE;8191
ITUVERAVA;2° DOSE;9076
NOVO HORIZONTE;2° DOSE;9665
VARGEM GRANDE PAULISTA;2° DOSE;6759
PRESIDENTE VENCESLAU;2° DOSE;10142
PRESIDENTE EPITÁCIO;2° DOSE;9178
SALTO DE PIRAPORA;2° DOSE;9192
ADAMANTINA;2° DOSE;11307
TREMEMBÉ;2° DOSE;9585
CAPÃO BONITO;2° DOSE;9227
CABREÚVA;2° DOSE;7735
ITÁPOLIS;2° DOSE;8737
GARÇA;2° DOSE;10613
ESPÍRITO SANTO DO PINHAL;2° DOSE;10295
VARGEM GRANDE DO SUL;2° DOSE;9323
SOCORRO;2° DOSE;11007
PARAGUAÇU PAULISTA;2° DOSE;9604
PEDREIRA;2° DOSE;9982
MAIRINQUE;2° DOSE;10401
CAMPOS DO JORDÃO;2° DOSE;9767
ITARARÉ;2° DOSE;9581
CERQUILHO;2° DOSE;9405
ARTUR NOGUEIRA;2° DOSE;9659
CAPIVARI;2° DOSE;10262
SÃO JOAQUIM DA BARRA;2° DOSE;10607
SANTA ISABEL;2° DOSE;10004
SANTA CRUZ DO RIO PARDO;2° DOSE;11614
PORTO FELIZ;2° DOSE;10695
ITUPEVA;2° DOSE;7858
DRACENA;2° DOSE;12047
MONTE ALTO;2° DOSE;11405
COSMÓPOLIS;2° DOSE;9103
NOVA ODESSA;2° DOSE;9070
BOITUVA;2° DOSE;10657
EMBU-GUAÇU;2° DOSE;9441
JAGUARIÚNA;2° DOSE;10720
PORTO FERREIRA;2° DOSE;11470
PIEDADE;2° DOSE;11529
MONTE MOR;2° DOSE;9528
MONGAGUÁ;2° DOSE;12966
REGISTRO;2° DOSE;12165
SÃO JOSÉ DO RIO PARDO;2° DOSE;11828
TAQUARITINGA;2° DOSE;13395
OLÍMPIA;2° DOSE;13002
BERTIOGA;2° DOSE;12247
IBITINGA;2° DOSE;13185
ANDRADINA;2° DOSE;14712
JALES;2° DOSE;15711
BATATAIS;2° DOSE;14948
IBIÚNA;2° DOSE;12224
MIRASSOL;2° DOSE;14518
PERUÍBE;2° DOSE;13972
LENÇÓIS PAULISTA;2° DOSE;13128
PENÁPOLIS;2° DOSE;15581
CAJAMAR;2° DOSE;11862
VINHEDO;2° DOSE;16288
JABOTICABAL;2° DOSE;17049
CAMPO LIMPO PAULISTA;2° DOSE;13767
SÃO ROQUE;2° DOSE;15376
SERRANA;2° DOSE;30956
TUPÃ;2° DOSE;18782
ARUJÁ;2° DOSE;15242
CRUZEIRO;2° DOSE;15345
MOCOCA;2° DOSE;16783
AMPARO;2° DOSE;17636
PIRASSUNUNGA;2° DOSE;17333
BEBEDOURO;2° DOSE;17797
SÃO SEBASTIÃO;2° DOSE;15332
LINS;2° DOSE;17150
FERNANDÓPOLIS;2° DOSE;20401
UBATUBA;2° DOSE;15554
ITAPIRA;2° DOSE;18608
LORENA;2° DOSE;16427
MAIRIPORÃ;2° DOSE;16251
MATÃO;2° DOSE;17947
CAIEIRAS;2° DOSE;17321
JANDIRA;2° DOSE;15854
CAÇAPAVA;2° DOSE;19898
ITAPEVA;2° DOSE;19603
PAULÍNIA;2° DOSE;17880
AVARÉ;2° DOSE;21076
VÁRZEA PAULISTA;2° DOSE;17561
MOGI MIRIM;2° DOSE;21468
LEME;2° DOSE;19977
POÁ;2° DOSE;19516
VOTORANTIM;2° DOSE;22249
SÃO JOÃO DA BOA VISTA;2° DOSE;24678
CUBATÃO;2° DOSE;20020
VOTUPORANGA;2° DOSE;25534
ASSIS;2° DOSE;24671
BIRIGUI;2° DOSE;25138
ITANHAÉM;2° DOSE;25584
CARAGUATATUBA;2° DOSE;23727
SALTO;2° DOSE;24076
OURINHOS;2° DOSE;22960
RIBEIRÃO PIRES;2° DOSE;24467
SERTÃOZINHO;2° DOSE;22585
ITATIBA;2° DOSE;24605
TATUÍ;2° DOSE;27510
ITAPECERICA DA SERRA;2° DOSE;23124
GUARATINGUETÁ;2° DOSE;26146
SANTANA DE PARNAÍBA;2° DOSE;26803
VALINHOS;2° DOSE;28363
BARRETOS;2° DOSE;27633
FERRAZ DE VASCONCELOS;2° DOSE;22862
CATANDUVA;2° DOSE;34778
ATIBAIA;2° DOSE;28535
FRANCO DA ROCHA;2° DOSE;28589
FRANCISCO MORATO;2° DOSE;26019
MOGI GUAÇU;2° DOSE;31944
ARARAS;2° DOSE;31423
JAÚ;2° DOSE;31885
ITAPETININGA;2° DOSE;32175
PINDAMONHANGABA;2° DOSE;31691
ITAPEVI;2° DOSE;22789
ITU;2° DOSE;33965
SANTA BÁRBARA D'OESTE;2° DOSE;33953
BRAGANÇA PAULISTA;2° DOSE;38122
BOTUCATU;2° DOSE;36258
SÃO CAETANO DO SUL;2° DOSE;52615
HORTOLÂNDIA;2° DOSE;34232
COTIA;2° DOSE;40655
ARAÇATUBA;2° DOSE;50783
RIO CLARO;2° DOSE;47111
EMBU DAS ARTES;2° DOSE;37284
JACAREÍ;2° DOSE;49373
SUMARÉ;2° DOSE;45453
TABOÃO DA SERRA;2° DOSE;44383
PRESIDENTE PRUDENTE;2° DOSE;55150
SUZANO;2° DOSE;44730
BARUERI;2° DOSE;50948
AMERICANA;2° DOSE;53520
ITAQUAQUECETUBA;2° DOSE;37864
ARARAQUARA;2° DOSE;57757
SÃO CARLOS;2° DOSE;56359
MARÍLIA;2° DOSE;60441
INDAIATUBA;2° DOSE;56225
TAUBATÉ;2° DOSE;53631
GUARUJÁ;2° DOSE;49376
LIMEIRA;2° DOSE;55301
PRAIA GRANDE;2° DOSE;75795
FRANCA;2° DOSE;70628
SÃO VICENTE;2° DOSE;69179
CARAPICUÍBA;2° DOSE;69561
DIADEMA;2° DOSE;67573
MAUÁ;2° DOSE;66213
PIRACICABA;2° DOSE;80969
MOGI DAS CRUZES;2° DOSE;77198
BAURU;2° DOSE;90186
JUNDIAÍ;2° DOSE;89203
SOROCABA;2° DOSE;96352
SÃO JOSÉ DO RIO PRETO;2° DOSE;121855
SANTOS;2° DOSE;133595
SANTO ANDRÉ;2° DOSE;147528
RIBEIRÃO PRETO;2° DOSE;150315
OSASCO;2° DOSE;133528
SÃO JOSÉ DOS CAMPOS;2° DOSE;132354
SÃO BERNARDO DO CAMPO;2° DOSE;176347
GUARULHOS;2° DOSE;169167
CAMPINAS;2° DOSE;246351
SÃO PAULO;2° DOSE;2746945
BORÁ;1° DOSE;701
NOVA CASTILHO;1° DOSE;704
URU;1° DOSE;981
UNIÃO PAULISTA;1° DOSE;1128
TRABIJU;1° DOSE;1078
FERNÃO;1° DOSE;1122
PAULISTÂNIA;1° DOSE;1206
DIRCE REIS;1° DOSE;1196
FLORA RICA;1° DOSE;1129
SANTA SALETE;1° DOSE;1170
VITÓRIA BRASIL;1° DOSE;1234
SÃO JOÃO DE IRACEMA;1° DOSE;1258
SANTANA DA PONTE PENSA;1° DOSE;1137
MESÓPOLIS;1° DOSE;1320
ASPÁSIA;1° DOSE;1348
SANTA CRUZ DA ESPERANÇA;1° DOSE;1272
MARINÓPOLIS;1° DOSE;1354
BOREBI;1° DOSE;1452
ARCO-ÍRIS;1° DOSE;1360
TURIÚBA;1° DOSE;1370
GUARANI D'OESTE;1° DOSE;1380
SAGRES;1° DOSE;1502
LUCIANÓPOLIS;1° DOSE;1485
TURMALINA;1° DOSE;1436
ARAPEÍ;1° DOSE;1536
EMBAÚBA;1° DOSE;1518
NOVA CANAÃ PAULISTA;1° DOSE;1467
DOLCINÓPOLIS;1° DOSE;1577
RIBEIRÃO DOS ÍNDIOS;1° DOSE;1540
NOVA GUATAPORANGA;1° DOSE;1519
SÃO JOÃO DO PAU D'ALHO;1° DOSE;1578
CRUZÁLIA;1° DOSE;1516
BENTO DE ABREU;1° DOSE;1622
MONÇÕES;1° DOSE;1538
SANTA CLARA D'OESTE;1° DOSE;1577
SÃO JOÃO DAS DUAS PONTES;1° DOSE;1611
ÓLEO;1° DOSE;1659
ZACARIAS;1° DOSE;1658
TAQUARAL;1° DOSE;1746
BREJO ALEGRE;1° DOSE;1660
TORRE DE PEDRA;1° DOSE;1652
NANTES;1° DOSE;1770
PONTES GESTAL;1° DOSE;1706
LOURDES;1° DOSE;1557
PARISI;1° DOSE;1673
ESTRELA DO NORTE;1° DOSE;1816
CÁSSIA DOS COQUEIROS;1° DOSE;1786
LUTÉCIA;1° DOSE;1769
RUBIÁCEA;1° DOSE;1933
JUMIRIM;1° DOSE;1920
TIMBURI;1° DOSE;1806
BOM SUCESSO DE ITARARÉ;1° DOSE;1954
OSCAR BRESSANE;1° DOSE;1803
ALVINLÂNDIA;1° DOSE;1870
QUEIROZ;1° DOSE;1917
SANTA MERCEDES;1° DOSE;1966
MOMBUCA;1° DOSE;2011
PEDRANÓPOLIS;1° DOSE;1871
GABRIEL MONTEIRO;1° DOSE;1885
RIBEIRA;1° DOSE;1953
JERIQUARA;1° DOSE;1937
PLATINA;1° DOSE;1986
SANTO EXPEDITO;1° DOSE;1992
SANTA RITA D'OESTE;1° DOSE;1870
CÂNDIDO RODRIGUES;1° DOSE;2005
NOVA LUZITÂNIA;1° DOSE;2033
MARAPOAMA;1° DOSE;2014
SÃO FRANCISCO;1° DOSE;1998
ELISIÁRIO;1° DOSE;2096
ALTAIR;1° DOSE;2125
FLORÍNEA;1° DOSE;2008
PEDRINHAS PAULISTA;1° DOSE;2059
ITAOCA;1° DOSE;2226
EMILIANÓPOLIS;1° DOSE;2082
MIRA ESTRELA;1° DOSE;2042
QUADRA;1° DOSE;2157
MAGDA;1° DOSE;2140
AREIAS;1° DOSE;2286
SARUTAIÁ;1° DOSE;2209
SANDOVALINA;1° DOSE;2242
SUZANÁPOLIS;1° DOSE;2274
ITAPIRAPUÃ PAULISTA;1° DOSE;2360
FLOREAL;1° DOSE;2135
MARIÁPOLIS;1° DOSE;2340
RUBINÉIA;1° DOSE;2240
ITAJU;1° DOSE;2261
PRACINHA;1° DOSE;2647
BARÃO DE ANTONINA;1° DOSE;2268
GASTÃO VIDIGAL;1° DOSE;2293
SEBASTIANÓPOLIS DO SUL;1° DOSE;2353
CORUMBATAÍ;1° DOSE;2427
PONGAÍ;1° DOSE;2366
PIQUEROBI;1° DOSE;2416
RIFAINA;1° DOSE;2467
SÃO JOSÉ DO BARREIRO;1° DOSE;2576
JOÃO RAMALHO;1° DOSE;2438
CAIABU;1° DOSE;2477
CANAS;1° DOSE;2518
MOTUCA;1° DOSE;2581
CABRÁLIA PAULISTA;1° DOSE;2517
INÚBIA PAULISTA;1° DOSE;2454
ESPÍRITO SANTO DO TURVO;1° DOSE;2625
SANTÓPOLIS DO AGUAPEÍ;1° DOSE;2444
TEJUPÁ;1° DOSE;2478
PONTALINDA;1° DOSE;2530
ANHUMAS;1° DOSE;2471
NOVAIS;1° DOSE;2731
PRESIDENTE ALVES;1° DOSE;2543
IPORANGA;1° DOSE;2464
REDENÇÃO DA SERRA;1° DOSE;2462
NOVA INDEPENDÊNCIA;1° DOSE;2563
LUPÉRCIO;1° DOSE;2694
GLICÉRIO;1° DOSE;2676
BURITIZAL;1° DOSE;2662
TAQUARIVAÍ;1° DOSE;2745
MACEDÔNIA;1° DOSE;2570
RIBEIRÃO CORRENTE;1° DOSE;2681
MERIDIANO;1° DOSE;2570
JÚLIO MESQUITA;1° DOSE;2750
ONDA VERDE;1° DOSE;2711
UBIRAJARA;1° DOSE;2845
ITAPURA;1° DOSE;2777
PARANAPUÃ;1° DOSE;2670
PRATÂNIA;1° DOSE;2887
MONTE CASTELO;1° DOSE;2821
ALTO ALEGRE;1° DOSE;2707
CAMPOS NOVOS PAULISTA;1° DOSE;2869
BORACÉIA;1° DOSE;2907
MONTEIRO LOBATO;1° DOSE;2746
CANITAR;1° DOSE;2963
INDIAPORÃ;1° DOSE;2747
MURUTINGA DO SUL;1° DOSE;2739
NIPOÃ;1° DOSE;3012
ÁLVARES FLORENCE;1° DOSE;2670
OCAUÇU;1° DOSE;2861
GAVIÃO PEIXOTO;1° DOSE;2996
PLANALTO;1° DOSE;2921
ANALÂNDIA;1° DOSE;2916
NARANDIBA;1° DOSE;2976
LUIZIÂNIA;1° DOSE;3083
ÁGUAS DE SÃO PEDRO;1° DOSE;2682
BARRA DO CHAPÉU;1° DOSE;3015
GUZOLÂNDIA;1° DOSE;2978
SANTA MARIA DA SERRA;1° DOSE;3144
RIBEIRÃO DO SUL;1° DOSE;2991
ADOLFO;1° DOSE;2919
MIRASSOLÂNDIA;1° DOSE;3094
MARABÁ PAULISTA;1° DOSE;3384
SANTA ERNESTINA;1° DOSE;3155
CORONEL MACEDO;1° DOSE;2999
POPULINA;1° DOSE;2932
SALMOURÃO;1° DOSE;3173
ALFREDO MARCONDES;1° DOSE;3023
GUAIMBÊ;1° DOSE;3285
UBARANA;1° DOSE;3360
AVAÍ;1° DOSE;3219
SANTA CRUZ DA CONCEIÇÃO;1° DOSE;3005
APARECIDA D'OESTE;1° DOSE;3101
ÁLVARO DE CARVALHO;1° DOSE;3394
LAVRINHAS;1° DOSE;3592
SABINO;1° DOSE;3255
INDIANA;1° DOSE;3168
ARAMINA;1° DOSE;3402
IPEÚNA;1° DOSE;3626
BRAÚNA;1° DOSE;3298
IPIGUÁ;1° DOSE;3572
ALAMBARI;1° DOSE;3555
COROADOS;1° DOSE;3564
GUARANTÃ;1° DOSE;3588
TACIBA;1° DOSE;3447
JAMBEIRO;1° DOSE;3581
PIACATU;1° DOSE;3513
RIVERSUL;1° DOSE;3507
ITIRAPUÃ;1° DOSE;3510
LAGOINHA;1° DOSE;3433
ANHEMBI;1° DOSE;3630
CAMPINA DO MONTE ALEGRE;1° DOSE;3675
BALBINOS;1° DOSE;4380
ORINDIÚVA;1° DOSE;3899
SILVEIRAS;1° DOSE;3837
PARAÍSO;1° DOSE;3760
TAIÚVA;1° DOSE;3692
ECHAPORÃ;1° DOSE;3886
COLÔMBIA;1° DOSE;4022
TAIAÇU;1° DOSE;3676
AMÉRICO DE CAMPOS;1° DOSE;3803
BARBOSA;1° DOSE;4050
PARDINHO;1° DOSE;3908
ARANDU;1° DOSE;3950
CAIUÁ;1° DOSE;4005
SANTO ANTÔNIO DO PINHAL;1° DOSE;4090
RESTINGA;1° DOSE;4113
ÁGUAS DE SANTA BÁRBARA;1° DOSE;3872
FERNANDO PRESTES;1° DOSE;3855
PEDRA BELA;1° DOSE;3997
TARABAI;1° DOSE;3990
MENDONÇA;1° DOSE;4166
SANTO ANTÔNIO DO JARDIM;1° DOSE;3914
ORIENTE;1° DOSE;4113
TUIUTI;1° DOSE;4095
SÃO JOSÉ DA BELA VISTA;1° DOSE;4048
JABORANDI;1° DOSE;3980
QUINTANA;1° DOSE;4020
IACRI;1° DOSE;4095
GUATAPARÁ;1° DOSE;4348
SANTA ALBERTINA;1° DOSE;4111
SALES;1° DOSE;4035
SANTA LÚCIA;1° DOSE;4313
POLONI;1° DOSE;4030
TRÊS FRONTEIRAS;1° DOSE;4113
IBIRAREMA;1° DOSE;4275
NUPORANGA;1° DOSE;4354
VISTA ALEGRE DO ALTO;1° DOSE;4541
PAULICÉIA;1° DOSE;4429
NOVA ALIANÇA;1° DOSE;4316
SÃO PEDRO DO TURVO;1° DOSE;4338
CLEMENTINA;1° DOSE;4342
NATIVIDADE DA SERRA;1° DOSE;4501
LINDÓIA;1° DOSE;4281
IRAPUÃ;1° DOSE;4309
GÁLIA;1° DOSE;4417
JACI;1° DOSE;4513
RIBEIRÃO GRANDE;1° DOSE;4808
BARRA DO TURVO;1° DOSE;4485
DOBRADA;1° DOSE;4712
SANTO ANTÔNIO DA ALEGRIA;1° DOSE;4424
EUCLIDES DA CUNHA PAULISTA;1° DOSE;4771
TAPIRAÍ;1° DOSE;4577
SANTO ANTÔNIO DO ARACANGUÁ;1° DOSE;4683
OURO VERDE;1° DOSE;5014
PEREIRAS;1° DOSE;4798
NOVA CAMPINA;1° DOSE;5150
CATIGUÁ;1° DOSE;5033
ITOBI;1° DOSE;5134
SUD MENNUCCI;1° DOSE;4786
ICÉM;1° DOSE;4836
MACAUBAL;1° DOSE;5053
CRISTAIS PAULISTA;1° DOSE;5106
IARAS;1° DOSE;5481
RAFARD;1° DOSE;5427
SALTINHO;1° DOSE;4919
AREIÓPOLIS;1° DOSE;5399
MONTE ALEGRE DO SUL;1° DOSE;5114
BILAC;1° DOSE;5057
HERCULÂNDIA;1° DOSE;5377
IEPÊ;1° DOSE;5160
SALTO GRANDE;1° DOSE;5499
PAULO DE FARIA;1° DOSE;5070
DUMONT;1° DOSE;5840
ÁGUAS DA PRATA;1° DOSE;5352
IRAPURU;1° DOSE;5631
TERRA ROXA;1° DOSE;5218
GUARAÇAÍ;1° DOSE;5198
ARIRANHA;1° DOSE;5339
COSMORAMA;1° DOSE;5199
PALMARES PAULISTA;1° DOSE;5773
RINCÃO;1° DOSE;5473
AREALVA;1° DOSE;5523
ESTRELA D'OESTE;1° DOSE;5682
GUARACI;1° DOSE;5753
IGARATÁ;1° DOSE;5779
VARGEM;1° DOSE;5862
DOURADO;1° DOSE;5565
REGINÓPOLIS;1° DOSE;6251
ESTIVA GERBI;1° DOSE;6054
SARAPUÍ;1° DOSE;6017
MANDURI;1° DOSE;5848
CAJOBI;1° DOSE;5935
RINÓPOLIS;1° DOSE;5961
BÁLSAMO;1° DOSE;5768
NOVA EUROPA;1° DOSE;6183
URÂNIA;1° DOSE;5820
RIOLÂNDIA;1° DOSE;6470
PORANGABA;1° DOSE;5880
ROSEIRA;1° DOSE;6351
TORRINHA;1° DOSE;6006
QUELUZ;1° DOSE;6702
GUAIÇARA;1° DOSE;6463
UCHOA;1° DOSE;6314
CEDRAL;1° DOSE;6462
OUROESTE;1° DOSE;6638
PALMEIRA D'OESTE;1° DOSE;6382
PEDRO DE TOLEDO;1° DOSE;6341
NEVES PAULISTA;1° DOSE;6461
BOFETE;1° DOSE;6617
BANANAL;1° DOSE;6571
SETE BARRAS;1° DOSE;6793
SÃO SEBASTIÃO DA GRAMA;1° DOSE;6652
SALES OLIVEIRA;1° DOSE;6709
VERA CRUZ;1° DOSE;6624
SÃO LUIZ DO PARAITINGA;1° DOSE;7168
AVANHANDAVA;1° DOSE;7443
MINEIROS DO TIETÊ;1° DOSE;6970
IACANGA;1° DOSE;6934
GETULINA;1° DOSE;7343
PIRANGI;1° DOSE;6941
SÃO BENTO DO SAPUCAÍ;1° DOSE;6921
PARAPUÃ;1° DOSE;7016
BOCAINA;1° DOSE;7252
CARDOSO;1° DOSE;7291
LAVÍNIA;1° DOSE;8049
TAGUAÍ;1° DOSE;7397
GENERAL SALGADO;1° DOSE;7122
ILHA COMPRIDA;1° DOSE;7521
NHANDEARA;1° DOSE;6959
PALESTINA;1° DOSE;7456
LUÍS ANTÔNIO;1° DOSE;8014
CHAVANTES;1° DOSE;7556
RIBEIRÃO BONITO;1° DOSE;7387
BERNARDINO DE CAMPOS;1° DOSE;7362
CANANÉIA;1° DOSE;7764
TAPIRATIBA;1° DOSE;7725
IBIRÁ;1° DOSE;7585
ITAPUÍ;1° DOSE;8026
ITARIRI;1° DOSE;7962
TABAPUÃ;1° DOSE;7711
MORUNGABA;1° DOSE;7945
QUATÁ;1° DOSE;8109
BOA ESPERANÇA DO SUL;1° DOSE;8243
VALENTIM GENTIL;1° DOSE;8374
SANTA BRANCA;1° DOSE;8153
SERRA AZUL;1° DOSE;9209
IPAUSSU;1° DOSE;8619
TARUMÃ;1° DOSE;8682
JOANÓPOLIS;1° DOSE;8425
PIQUETE;1° DOSE;8323
SÃO LOURENÇO DA SERRA;1° DOSE;8498
DIVINOLÂNDIA;1° DOSE;8162
PANORAMA;1° DOSE;8730
PACAEMBU;1° DOSE;8051
FLÓRIDA PAULISTA;1° DOSE;9124
MARACAÍ;1° DOSE;8872
IPUÃ;1° DOSE;8915
PATROCÍNIO PAULISTA;1° DOSE;8643
SÃO SIMÃO;1° DOSE;8876
ITAPORANGA;1° DOSE;8715
ITIRAPINA;1° DOSE;8801
RIBEIRÃO BRANCO;1° DOSE;9074
DUARTINA;1° DOSE;8661
SEVERÍNIA;1° DOSE;8949
ALUMÍNIO;1° DOSE;9390
ELDORADO;1° DOSE;8385
JACUPIRANGA;1° DOSE;9380
SANTA ADÉLIA;1° DOSE;8842
TABATINGA;1° DOSE;9236
PIRAPORA DO BOM JESUS;1° DOSE;9949
URUPÊS;1° DOSE;8980
AURIFLAMA;1° DOSE;9039
CHARQUEADA;1° DOSE;9672
ELIAS FAUSTO;1° DOSE;9341
FARTURA;1° DOSE;9344
PIRATININGA;1° DOSE;9144
PINHALZINHO;1° DOSE;9166
HOLAMBRA;1° DOSE;9361
ITATINGA;1° DOSE;9662
PRESIDENTE BERNARDES;1° DOSE;9227
GUAREÍ;1° DOSE;10247
PEDREGULHO;1° DOSE;9954
PINDORAMA;1° DOSE;9499
MACATUBA;1° DOSE;9846
GUAPIARA;1° DOSE;10279
BORBOREMA;1° DOSE;9960
SALESÓPOLIS;1° DOSE;10064
ENGENHEIRO COELHO;1° DOSE;10739
PRADÓPOLIS;1° DOSE;10409
CAFELÂNDIA;1° DOSE;10356
ITAJOBI;1° DOSE;10063
CESÁRIO LANGE;1° DOSE;10909
CONCHAS;1° DOSE;10400
BURI;1° DOSE;10918
ROSANA;1° DOSE;10312
POTIRENDABA;1° DOSE;10796
JUQUIÁ;1° DOSE;11145
COLINA;1° DOSE;10929
ALTINÓPOLIS;1° DOSE;10780
VIRADOURO;1° DOSE;10904
MIRANTE DO PARANAPANEMA;1° DOSE;11208
CACONDE;1° DOSE;11226
GUARÁ;1° DOSE;10996
ITABERÁ;1° DOSE;11380
ARAÇARIGUAMA;1° DOSE;12297
PARAIBUNA;1° DOSE;11330
PARANAPANEMA;1° DOSE;11727
BURITAMA;1° DOSE;11064
NAZARÉ PAULISTA;1° DOSE;10995
MONTE AZUL PAULISTA;1° DOSE;11232
MIRACATU;1° DOSE;11550
CAPELA DO ALTO;1° DOSE;12255
BADY BASSITT;1° DOSE;11704
CERQUEIRA CÉSAR;1° DOSE;11937
TUPI PAULISTA;1° DOSE;11994
PARIQUERA-AÇU;1° DOSE;11986
CASTILHO;1° DOSE;12272
NOVA GRANADA;1° DOSE;12007
GUAPIAÇU;1° DOSE;12938
MIGUELÓPOLIS;1° DOSE;12553
POTIM;1° DOSE;14043
PIRAJUÍ;1° DOSE;12707
ÁGUAS DE LINDÓIA;1° DOSE;12187
SANTO ANTÔNIO DE POSSE;1° DOSE;12871
REGENTE FEIJÓ;1° DOSE;12699
TEODORO SAMPAIO;1° DOSE;13391
BOM JESUS DOS PERDÕES;1° DOSE;13449
SANTA GERTRUDES;1° DOSE;13836
SANTO ANASTÁCIO;1° DOSE;12782
LUCÉLIA;1° DOSE;12899
IRACEMÁPOLIS;1° DOSE;13924
IGARAÇU DO TIETÊ;1° DOSE;13699
JUNQUEIRÓPOLIS;1° DOSE;13121
CUNHA;1° DOSE;13274
POMPÉIA;1° DOSE;13638
CAJURU;1° DOSE;14153
BASTOS;1° DOSE;13785
TAMBAÚ;1° DOSE;13869
ANGATUBA;1° DOSE;14109
APIAÍ;1° DOSE;14220
PALMITAL;1° DOSE;14054
CORDEIRÓPOLIS;1° DOSE;14243
ÁLVARES MACHADO;1° DOSE;14734
BARRINHA;1° DOSE;16153
BROTAS;1° DOSE;15062
SANTA ROSA DE VITERBO;1° DOSE;15121
PIRAPOZINHO;1° DOSE;15670
VALPARAÍSO;1° DOSE;15925
TAQUARITUBA;1° DOSE;14991
BRODOWSKI;1° DOSE;15272
DOIS CÓRREGOS;1° DOSE;15159
CONCHAL;1° DOSE;15965
CAJATI;1° DOSE;16275
MONTE APRAZÍVEL;1° DOSE;15419
ITAÍ;1° DOSE;16480
PEREIRA BARRETO;1° DOSE;16075
JUQUITIBA;1° DOSE;16777
MARTINÓPOLIS;1° DOSE;16000
IPERÓ;1° DOSE;17227
MORRO AGUDO;1° DOSE;16462
BIRITIBA MIRIM;1° DOSE;16703
PIRACAIA;1° DOSE;17097
TANABI;1° DOSE;16642
IGARAPAVA;1° DOSE;16984
JARINU;1° DOSE;17623
LARANJAL PAULISTA;1° DOSE;17708
PILAR DO SUL;1° DOSE;17605
SANTA CRUZ DAS PALMEIRAS;1° DOSE;18092
RIO DAS PEDRAS;1° DOSE;19132
CACHOEIRA PAULISTA;1° DOSE;18081
IBATÉ;1° DOSE;18737
ILHA SOLTEIRA;1° DOSE;17516
SÃO MIGUEL ARCANJO;1° DOSE;19091
IGUAPE;1° DOSE;17627
RIO GRANDE DA SERRA;1° DOSE;20520
RANCHARIA;1° DOSE;17994
MIRANDÓPOLIS;1° DOSE;18211
SANTA RITA DO PASSA QUATRO;1° DOSE;18026
PITANGUEIRAS;1° DOSE;19828
GUARAREMA;1° DOSE;18789
CASA BRANCA;1° DOSE;19156
ILHABELA;1° DOSE;18748
CRAVINHOS;1° DOSE;19943
SERRA NEGRA;1° DOSE;18571
PIRAJU;1° DOSE;19259
AGUAÍ;1° DOSE;19523
CÂNDIDO MOTA;1° DOSE;19635
GUARARAPES;1° DOSE;19878
AMÉRICO BRASILIENSE;1° DOSE;19817
GUARIBA;1° DOSE;20642
ARAÇOIABA DA SERRA;1° DOSE;21137
APARECIDA;1° DOSE;21014
BARIRI;1° DOSE;20541
OSVALDO CRUZ;1° DOSE;20305
SÃO PEDRO;1° DOSE;21249
PONTAL;1° DOSE;22659
DESCALVADO;1° DOSE;21832
ORLÂNDIA;1° DOSE;23217
JOSÉ BONIFÁCIO;1° DOSE;23440
PROMISSÃO;1° DOSE;23514
GUAÍRA;1° DOSE;24059
SÃO MANUEL;1° DOSE;23078
AGUDOS;1° DOSE;23201
BARRA BONITA;1° DOSE;22941
SANTA FÉ DO SUL;1° DOSE;22420
JARDINÓPOLIS;1° DOSE;24698
PEDERNEIRAS;1° DOSE;24277
LOUVEIRA;1° DOSE;25582
TIETÊ;1° DOSE;25290
ITUVERAVA;1° DOSE;24551
NOVO HORIZONTE;1° DOSE;24680
VARGEM GRANDE PAULISTA;1° DOSE;27725
PRESIDENTE VENCESLAU;1° DOSE;25233
PRESIDENTE EPITÁCIO;1° DOSE;26292
SALTO DE PIRAPORA;1° DOSE;26294
ADAMANTINA;1° DOSE;24444
TREMEMBÉ;1° DOSE;25889
CAPÃO BONITO;1° DOSE;26506
CABREÚVA;1° DOSE;28191
ITÁPOLIS;1° DOSE;27405
GARÇA;1° DOSE;25603
ESPÍRITO SANTO DO PINHAL;1° DOSE;26087
VARGEM GRANDE DO SUL;1° DOSE;27187
SOCORRO;1° DOSE;25986
PARAGUAÇU PAULISTA;1° DOSE;27611
PEDREIRA;1° DOSE;27728
MAIRINQUE;1° DOSE;27440
CAMPOS DO JORDÃO;1° DOSE;28183
ITARARÉ;1° DOSE;28763
CERQUILHO;1° DOSE;29487
ARTUR NOGUEIRA;1° DOSE;29622
CAPIVARI;1° DOSE;29735
SÃO JOAQUIM DA BARRA;1° DOSE;29658
SANTA ISABEL;1° DOSE;30948
SANTA CRUZ DO RIO PARDO;1° DOSE;30017
PORTO FELIZ;1° DOSE;31101
ITUPEVA;1° DOSE;33549
DRACENA;1° DOSE;30765
MONTE ALTO;1° DOSE;31254
COSMÓPOLIS;1° DOSE;33672
NOVA ODESSA;1° DOSE;33312
BOITUVA;1° DOSE;32590
EMBU-GUAÇU;1° DOSE;34812
JAGUARIÚNA;1° DOSE;33976
PORTO FERREIRA;1° DOSE;33504
PIEDADE;1° DOSE;33546
MONTE MOR;1° DOSE;35403
MONGAGUÁ;1° DOSE;33630
REGISTRO;1° DOSE;34806
SÃO JOSÉ DO RIO PARDO;1° DOSE;35157
TAQUARITINGA;1° DOSE;33719
OLÍMPIA;1° DOSE;35093
BERTIOGA;1° DOSE;36576
IBITINGA;1° DOSE;36115
ANDRADINA;1° DOSE;34942
JALES;1° DOSE;34876
BATATAIS;1° DOSE;37018
IBIÚNA;1° DOSE;39343
MIRASSOL;1° DOSE;37262
PERUÍBE;1° DOSE;39543
LENÇÓIS PAULISTA;1° DOSE;39856
PENÁPOLIS;1° DOSE;39123
CAJAMAR;1° DOSE;43936
VINHEDO;1° DOSE;43680
JABOTICABAL;1° DOSE;43720
CAMPO LIMPO PAULISTA;1° DOSE;46539
SÃO ROQUE;1° DOSE;45604
SERRANA;1° DOSE;32385
TUPÃ;1° DOSE;43393
ARUJÁ;1° DOSE;46226
CRUZEIRO;1° DOSE;46874
MOCOCA;1° DOSE;45572
AMPARO;1° DOSE;45693
PIRASSUNUNGA;1° DOSE;46468
BEBEDOURO;1° DOSE;47108
SÃO SEBASTIÃO;1° DOSE;48905
LINS;1° DOSE;47704
FERNANDÓPOLIS;1° DOSE;46970
UBATUBA;1° DOSE;51537
ITAPIRA;1° DOSE;49105
LORENA;1° DOSE;52135
MAIRIPORÃ;1° DOSE;51913
MATÃO;1° DOSE;51079
CAIEIRAS;1° DOSE;52494
JANDIRA;1° DOSE;59204
CAÇAPAVA;1° DOSE;54537
ITAPEVA;1° DOSE;55610
PAULÍNIA;1° DOSE;58415
AVARÉ;1° DOSE;56919
VÁRZEA PAULISTA;1° DOSE;59258
MOGI MIRIM;1° DOSE;58027
LEME;1° DOSE;60407
POÁ;1° DOSE;60637
VOTORANTIM;1° DOSE;60297
SÃO JOÃO DA BOA VISTA;1° DOSE;61812
CUBATÃO;1° DOSE;65747
VOTUPORANGA;1° DOSE;61916
ASSIS;1° DOSE;65241
BIRIGUI;1° DOSE;67181
ITANHAÉM;1° DOSE;67794
CARAGUATATUBA;1° DOSE;69805
SALTO;1° DOSE;69216
OURINHOS;1° DOSE;71743
RIBEIRÃO PIRES;1° DOSE;69485
SERTÃOZINHO;1° DOSE;72867
ITATIBA;1° DOSE;71846
TATUÍ;1° DOSE;72292
ITAPECERICA DA SERRA;1° DOSE;81729
GUARATINGUETÁ;1° DOSE;78660
SANTANA DE PARNAÍBA;1° DOSE;77639
VALINHOS;1° DOSE;77933
BARRETOS;1° DOSE;80710
FERRAZ DE VASCONCELOS;1° DOSE;87518
CATANDUVA;1° DOSE;78187
ATIBAIA;1° DOSE;84872
FRANCO DA ROCHA;1° DOSE;85577
FRANCISCO MORATO;1° DOSE;88713
MOGI GUAÇU;1° DOSE;85069
ARARAS;1° DOSE;86146
JAÚ;1° DOSE;89342
ITAPETININGA;1° DOSE;96064
PINDAMONHANGABA;1° DOSE;96583
ITAPEVI;1° DOSE;104169
ITU;1° DOSE;100908
SANTA BÁRBARA D'OESTE;1° DOSE;110161
BRAGANÇA PAULISTA;1° DOSE;106927
BOTUCATU;1° DOSE;124159
SÃO CAETANO DO SUL;1° DOSE;105472
HORTOLÂNDIA;1° DOSE;126965
COTIA;1° DOSE;128410
ARAÇATUBA;1° DOSE;120666
RIO CLARO;1° DOSE;127344
EMBU DAS ARTES;1° DOSE;140035
JACAREÍ;1° DOSE;135219
SUMARÉ;1° DOSE;142892
TABOÃO DA SERRA;1° DOSE;145763
PRESIDENTE PRUDENTE;1° DOSE;141128
SUZANO;1° DOSE;151867
BARUERI;1° DOSE;147211
AMERICANA;1° DOSE;150613
ITAQUAQUECETUBA;1° DOSE;165291
ARARAQUARA;1° DOSE;149240
SÃO CARLOS;1° DOSE;152683
MARÍLIA;1° DOSE;152607
INDAIATUBA;1° DOSE;155631
TAUBATÉ;1° DOSE;176073
GUARUJÁ;1° DOSE;180281
LIMEIRA;1° DOSE;191296
PRAIA GRANDE;1° DOSE;189053
FRANCA;1° DOSE;201293
SÃO VICENTE;1° DOSE;208435
CARAPICUÍBA;1° DOSE;210452
DIADEMA;1° DOSE;231209
MAUÁ;1° DOSE;231477
PIRACICABA;1° DOSE;233899
MOGI DAS CRUZES;1° DOSE;243042
BAURU;1° DOSE;231912
JUNDIAÍ;1° DOSE;251113
SOROCABA;1° DOSE;300865
SÃO JOSÉ DO RIO PRETO;1° DOSE;304732
SANTOS;1° DOSE;297516
SANTO ANDRÉ;1° DOSE;397074
RIBEIRÃO PRETO;1° DOSE;399104
OSASCO;1° DOSE;415450
SÃO JOSÉ DOS CAMPOS;1° DOSE;434299
SÃO BERNARDO DO CAMPO;1° DOSE;494887
GUARULHOS;1° DOSE;704359
CAMPINAS;1° DOSE;700833
SÃO PAULO;1° DOSE;7539799
